AAACCCTAACCCTAACCCTAA	rs1226858834	NC_000024.9	10002	10001
AACAACCCTAACCCTAACCCT	rs1232177317	NC_000024.9	10017	10014
AACCCGAACCCTAACCCTAAC	rs1179917603	NC_000024.9	10008	10002
AACCCGAACCCTAACCCTAAC	rs370048753	NC_000024.9	10014	10008
AACCCTAAACCCTAACCCTAA	rs2068137778	NC_000024.9	10014	10008
AACCCTAACAACCCTAACCCT	rs1232177317	NC_000024.9	10017	10008
AACCCTAACCCGAACCCTAAC	rs370048753	NC_000024.9	10014	10002
AACCCTAACCCTAAACCCTAA	rs2068137778	NC_000024.9	10014	10002
AACCCTAACCCTAACAACCCT	rs1232177317	NC_000024.9	10017	10002
AACCCTAACCCTAGCCCTAAC	rs1423076556	NC_000024.9	10016	10002
AACCCTAACCCTGACCCTAAC	rs113469508	NC_000024.9	10015	10002
AACCCTAGCCCTAACCCTAAC	rs867361848	NC_000024.9	10010	10002
AACCCTAGCCCTAACCCTAAC	rs1423076556	NC_000024.9	10016	10008
AACCCTGACCCTAACCCTAAC	rs565284081	NC_000024.9	10009	10002
AACCCTGACCCTAACCCTAAC	rs113469508	NC_000024.9	10015	10008
AACCGTAACCCTAACCCTAAC	rs1422184628	NC_000024.9	10007	10002
ACAACCCTAACCCTAACCCTC	rs1232177317	NC_000024.9	10017	10015
ACCCGAACCCTAACCCTAACC	rs1179917603	NC_000024.9	10008	10003
ACCCGAACCCTAACCCTAACC	rs370048753	NC_000024.9	10014	10009
ACCCTAAACCCTAACCCTAAC	rs2068137778	NC_000024.9	10014	10009
ACCCTAACAACCCTAACCCTA	rs1232177317	NC_000024.9	10017	10009
ACCCTAACCCGAACCCTAACC	rs370048753	NC_000024.9	10014	10003
ACCCTAACCCTAAACCCTAAC	rs2068137778	NC_000024.9	10014	10003
ACCCTAACCCTAACAACCCTA	rs1232177317	NC_000024.9	10017	10003
ACCCTAACCCTAGCCCTAACC	rs1423076556	NC_000024.9	10016	10003
ACCCTAACCCTGACCCTAACC	rs113469508	NC_000024.9	10015	10003
ACCCTAGCCCTAACCCTAACC	rs867361848	NC_000024.9	10010	10003
ACCCTAGCCCTAACCCTAACC	rs1423076556	NC_000024.9	10016	10009
ACCCTGACCCTAACCCTAACC	rs565284081	NC_000024.9	10009	10003
ACCCTGACCCTAACCCTAACC	rs113469508	NC_000024.9	10015	10009
ACCGTAACCCTAACCCTAACC	rs1422184628	NC_000024.9	10007	10003
AGCCCTAACCCTAACCCTAAC	rs867361848	NC_000024.9	10010	10008
AGCCCTAACCCTAACCCTAAC	rs1423076556	NC_000024.9	10016	10014
CAAACCCTAACCCTAACCCTA	rs1226858834	NC_000024.9	10002	10000
CAACCCTAACCCTAACCCTCT	rs1232177317	NC_000024.9	10017	10016
CCCGAACCCTAACCCTAACCC	rs1179917603	NC_000024.9	10008	10004
CCCGAACCCTAACCCTAACCC	rs370048753	NC_000024.9	10014	10010
CCCTAAACCCTAACCCTAACC	rs2068137778	NC_000024.9	10014	10010
CCCTAACAACCCTAACCCTAA	rs1232177317	NC_000024.9	10017	10010
CCCTAACCCGAACCCTAACCC	rs370048753	NC_000024.9	10014	10004
CCCTAACCCTAAACCCTAACC	rs2068137778	NC_000024.9	10014	10004
CCCTAACCCTAACAACCCTAA	rs1232177317	NC_000024.9	10017	10004
CCCTAACCCTAGCCCTAACCC	rs1423076556	NC_000024.9	10016	10004
CCCTAACCCTGACCCTAACCC	rs113469508	NC_000024.9	10015	10004
CCCTAGCCCTAACCCTAACCC	rs867361848	NC_000024.9	10010	10004
CCCTAGCCCTAACCCTAACCC	rs1423076556	NC_000024.9	10016	10010
CCCTGACCCTAACCCTAACCC	rs565284081	NC_000024.9	10009	10004
CCCTGACCCTAACCCTAACCC	rs113469508	NC_000024.9	10015	10010
CCGAACCCTAACCCTAACCCT	rs1179917603	NC_000024.9	10008	10005
CCGAACCCTAACCCTAACCCT	rs370048753	NC_000024.9	10014	10011
CCGTAACCCTAACCCTAACCC	rs1422184628	NC_000024.9	10007	10004
CCTAAACCCTAACCCTAACCC	rs2068137778	NC_000024.9	10014	10011
CCTAACAACCCTAACCCTAAC	rs1232177317	NC_000024.9	10017	10011
CCTAACCCGAACCCTAACCCT	rs370048753	NC_000024.9	10014	10005
CCTAACCCTAAACCCTAACCC	rs2068137778	NC_000024.9	10014	10005
CCTAACCCTAACAACCCTAAC	rs1232177317	NC_000024.9	10017	10005
CCTAACCCTAGCCCTAACCCT	rs1423076556	NC_000024.9	10016	10005
CCTAACCCTGACCCTAACCCT	rs113469508	NC_000024.9	10015	10005
CCTAGCCCTAACCCTAACCCT	rs867361848	NC_000024.9	10010	10005
CCTAGCCCTAACCCTAACCCT	rs1423076556	NC_000024.9	10016	10011
CCTGACCCTAACCCTAACCCT	rs565284081	NC_000024.9	10009	10005
CCTGACCCTAACCCTAACCCT	rs113469508	NC_000024.9	10015	10011
CGAACCCTAACCCTAACCCTA	rs1179917603	NC_000024.9	10008	10006
CGAACCCTAACCCTAACCCTA	rs370048753	NC_000024.9	10014	10012
CGTAACCCTAACCCTAACCCT	rs1422184628	NC_000024.9	10007	10005
CTAAACCCTAACCCTAACCCT	rs2068137778	NC_000024.9	10014	10012
CTAACAACCCTAACCCTAACC	rs1232177317	NC_000024.9	10017	10012
CTAACCCGAACCCTAACCCTA	rs1179917603	NC_000024.9	10008	10000
CTAACCCGAACCCTAACCCTA	rs370048753	NC_000024.9	10014	10006
CTAACCCTAAACCCTAACCCT	rs2068137778	NC_000024.9	10014	10006
CTAACCCTAACAACCCTAACC	rs1232177317	NC_000024.9	10017	10006
CTAACCCTAACCCGAACCCTA	rs370048753	NC_000024.9	10014	10000
CTAACCCTAACCCTAAACCCT	rs2068137778	NC_000024.9	10014	10000
CTAACCCTAACCCTAACAACC	rs1232177317	NC_000024.9	10017	10000
CTAACCCTAACCCTAGCCCTA	rs1423076556	NC_000024.9	10016	10000
CTAACCCTAACCCTGACCCTA	rs113469508	NC_000024.9	10015	10000
CTAACCCTAGCCCTAACCCTA	rs867361848	NC_000024.9	10010	10000
CTAACCCTAGCCCTAACCCTA	rs1423076556	NC_000024.9	10016	10006
CTAACCCTGACCCTAACCCTA	rs565284081	NC_000024.9	10009	10000
CTAACCCTGACCCTAACCCTA	rs113469508	NC_000024.9	10015	10006
CTAACCGTAACCCTAACCCTA	rs1422184628	NC_000024.9	10007	10000
CTAGCCCTAACCCTAACCCTA	rs867361848	NC_000024.9	10010	10006
CTAGCCCTAACCCTAACCCTA	rs1423076556	NC_000024.9	10016	10012
CTGACCCTAACCCTAACCCTA	rs375039031	NC_000024.9	10003	10000
CTGACCCTAACCCTAACCCTA	rs565284081	NC_000024.9	10009	10006
CTGACCCTAACCCTAACCCTA	rs113469508	NC_000024.9	10015	10012
GAACCCTAACCCTAACCCTAA	rs1179917603	NC_000024.9	10008	10007
GAACCCTAACCCTAACCCTAA	rs370048753	NC_000024.9	10014	10013
GACCCTAACCCTAACCCTAAC	rs375039031	NC_000024.9	10003	10002
GACCCTAACCCTAACCCTAAC	rs565284081	NC_000024.9	10009	10008
GACCCTAACCCTAACCCTAAC	rs113469508	NC_000024.9	10015	10014
GCCCTAACCCTAACCCTAACC	rs867361848	NC_000024.9	10010	10009
GCCCTAACCCTAACCCTAACC	rs1423076556	NC_000024.9	10016	10015
GTAACCCTAACCCTAACCCTA	rs1422184628	NC_000024.9	10007	10006
NCAAACCCTAACCCTAACCCT	rs1226858834	NC_000024.9	10002	9999
NCTAACCCGAACCCTAACCCT	rs1179917603	NC_000024.9	10008	9999
NCTAACCCTAACCCGAACCCT	rs370048753	NC_000024.9	10014	9999
NCTAACCCTAACCCTAAACCC	rs2068137778	NC_000024.9	10014	9999
NCTAACCCTAACCCTAACAAC	rs1232177317	NC_000024.9	10017	9999
NCTAACCCTAACCCTAGCCCT	rs1423076556	NC_000024.9	10016	9999
NCTAACCCTAACCCTGACCCT	rs113469508	NC_000024.9	10015	9999
NCTAACCCTAGCCCTAACCCT	rs867361848	NC_000024.9	10010	9999
NCTAACCCTGACCCTAACCCT	rs565284081	NC_000024.9	10009	9999
NCTAACCGTAACCCTAACCCT	rs1422184628	NC_000024.9	10007	9999
NCTGACCCTAACCCTAACCCT	rs375039031	NC_000024.9	10003	9999
NNCAAACCCTAACCCTAACCC	rs1226858834	NC_000024.9	10002	9998
NNCTAACCCGAACCCTAACCC	rs1179917603	NC_000024.9	10008	9998
NNCTAACCCTAACCCGAACCC	rs370048753	NC_000024.9	10014	9998
NNCTAACCCTAACCCTAAACC	rs2068137778	NC_000024.9	10014	9998
NNCTAACCCTAACCCTAACAA	rs1232177317	NC_000024.9	10017	9998
NNCTAACCCTAACCCTAGCCC	rs1423076556	NC_000024.9	10016	9998
NNCTAACCCTAACCCTGACCC	rs113469508	NC_000024.9	10015	9998
NNCTAACCCTAGCCCTAACCC	rs867361848	NC_000024.9	10010	9998
NNCTAACCCTGACCCTAACCC	rs565284081	NC_000024.9	10009	9998
NNCTAACCGTAACCCTAACCC	rs1422184628	NC_000024.9	10007	9998
NNCTGACCCTAACCCTAACCC	rs375039031	NC_000024.9	10003	9998
NNNCAAACCCTAACCCTAACC	rs1226858834	NC_000024.9	10002	9997
NNNCTAACCCGAACCCTAACC	rs1179917603	NC_000024.9	10008	9997
NNNCTAACCCTAACCCGAACC	rs370048753	NC_000024.9	10014	9997
NNNCTAACCCTAACCCTAAAC	rs2068137778	NC_000024.9	10014	9997
NNNCTAACCCTAACCCTAACA	rs1232177317	NC_000024.9	10017	9997
NNNCTAACCCTAACCCTAGCC	rs1423076556	NC_000024.9	10016	9997
NNNCTAACCCTAACCCTGACC	rs113469508	NC_000024.9	10015	9997
NNNCTAACCCTAGCCCTAACC	rs867361848	NC_000024.9	10010	9997
NNNCTAACCCTGACCCTAACC	rs565284081	NC_000024.9	10009	9997
NNNCTAACCGTAACCCTAACC	rs1422184628	NC_000024.9	10007	9997
NNNCTGACCCTAACCCTAACC	rs375039031	NC_000024.9	10003	9997
NNNNCAAACCCTAACCCTAAC	rs1226858834	NC_000024.9	10002	9996
NNNNCTAACCCGAACCCTAAC	rs1179917603	NC_000024.9	10008	9996
NNNNCTAACCCTAACCCGAAC	rs370048753	NC_000024.9	10014	9996
NNNNCTAACCCTAACCCTAAA	rs2068137778	NC_000024.9	10014	9996
NNNNCTAACCCTAACCCTAAC	rs1232177317	NC_000024.9	10017	9996
NNNNCTAACCCTAACCCTAGC	rs1423076556	NC_000024.9	10016	9996
NNNNCTAACCCTAACCCTGAC	rs113469508	NC_000024.9	10015	9996
NNNNCTAACCCTAGCCCTAAC	rs867361848	NC_000024.9	10010	9996
NNNNCTAACCCTGACCCTAAC	rs565284081	NC_000024.9	10009	9996
NNNNCTAACCGTAACCCTAAC	rs1422184628	NC_000024.9	10007	9996
NNNNCTGACCCTAACCCTAAC	rs375039031	NC_000024.9	10003	9996
NNNNNCAAACCCTAACCCTAA	rs1226858834	NC_000024.9	10002	9995
NNNNNCTAACCCGAACCCTAA	rs1179917603	NC_000024.9	10008	9995
NNNNNCTAACCCTAACCCGAA	rs370048753	NC_000024.9	10014	9995
NNNNNCTAACCCTAACCCTAA	rs2068137778	NC_000024.9	10014	9995
NNNNNCTAACCCTAACCCTAG	rs1423076556	NC_000024.9	10016	9995
NNNNNCTAACCCTAACCCTGA	rs113469508	NC_000024.9	10015	9995
NNNNNCTAACCCTAGCCCTAA	rs867361848	NC_000024.9	10010	9995
NNNNNCTAACCCTGACCCTAA	rs565284081	NC_000024.9	10009	9995
NNNNNCTAACCGTAACCCTAA	rs1422184628	NC_000024.9	10007	9995
NNNNNCTGACCCTAACCCTAA	rs375039031	NC_000024.9	10003	9995
NNNNNNCAAACCCTAACCCTA	rs1226858834	NC_000024.9	10002	9994
NNNNNNCTAACCCGAACCCTA	rs1179917603	NC_000024.9	10008	9994
NNNNNNCTAACCCTAACCCGA	rs370048753	NC_000024.9	10014	9994
NNNNNNCTAACCCTAACCCTA	rs2068137778	NC_000024.9	10014	9994
NNNNNNCTAACCCTAACCCTG	rs113469508	NC_000024.9	10015	9994
NNNNNNCTAACCCTAGCCCTA	rs867361848	NC_000024.9	10010	9994
NNNNNNCTAACCCTGACCCTA	rs565284081	NC_000024.9	10009	9994
NNNNNNCTAACCGTAACCCTA	rs1422184628	NC_000024.9	10007	9994
NNNNNNCTGACCCTAACCCTA	rs375039031	NC_000024.9	10003	9994
NNNNNNNCAAACCCTAACCCT	rs1226858834	NC_000024.9	10002	9993
NNNNNNNCTAACCCGAACCCT	rs1179917603	NC_000024.9	10008	9993
NNNNNNNCTAACCCTAACCCG	rs370048753	NC_000024.9	10014	9993
NNNNNNNCTAACCCTAGCCCT	rs867361848	NC_000024.9	10010	9993
NNNNNNNCTAACCCTGACCCT	rs565284081	NC_000024.9	10009	9993
NNNNNNNCTAACCGTAACCCT	rs1422184628	NC_000024.9	10007	9993
NNNNNNNCTGACCCTAACCCT	rs375039031	NC_000024.9	10003	9993
NNNNNNNNCAAACCCTAACCC	rs1226858834	NC_000024.9	10002	9992
NNNNNNNNCTAACCCGAACCC	rs1179917603	NC_000024.9	10008	9992
NNNNNNNNCTAACCCTAGCCC	rs867361848	NC_000024.9	10010	9992
NNNNNNNNCTAACCCTGACCC	rs565284081	NC_000024.9	10009	9992
NNNNNNNNCTAACCGTAACCC	rs1422184628	NC_000024.9	10007	9992
NNNNNNNNCTGACCCTAACCC	rs375039031	NC_000024.9	10003	9992
NNNNNNNNNCAAACCCTAACC	rs1226858834	NC_000024.9	10002	9991
NNNNNNNNNCTAACCCGAACC	rs1179917603	NC_000024.9	10008	9991
NNNNNNNNNCTAACCCTAGCC	rs867361848	NC_000024.9	10010	9991
NNNNNNNNNCTAACCCTGACC	rs565284081	NC_000024.9	10009	9991
NNNNNNNNNCTAACCGTAACC	rs1422184628	NC_000024.9	10007	9991
NNNNNNNNNCTGACCCTAACC	rs375039031	NC_000024.9	10003	9991
NNNNNNNNNNCAAACCCTAAC	rs1226858834	NC_000024.9	10002	9990
NNNNNNNNNNCTAACCCGAAC	rs1179917603	NC_000024.9	10008	9990
NNNNNNNNNNCTAACCCTAGC	rs867361848	NC_000024.9	10010	9990
NNNNNNNNNNCTAACCCTGAC	rs565284081	NC_000024.9	10009	9990
NNNNNNNNNNCTAACCGTAAC	rs1422184628	NC_000024.9	10007	9990
NNNNNNNNNNCTGACCCTAAC	rs375039031	NC_000024.9	10003	9990
NNNNNNNNNNNCAAACCCTAA	rs1226858834	NC_000024.9	10002	9989
NNNNNNNNNNNCTAACCCGAA	rs1179917603	NC_000024.9	10008	9989
NNNNNNNNNNNCTAACCCTAG	rs867361848	NC_000024.9	10010	9989
NNNNNNNNNNNCTAACCCTGA	rs565284081	NC_000024.9	10009	9989
NNNNNNNNNNNCTAACCGTAA	rs1422184628	NC_000024.9	10007	9989
NNNNNNNNNNNCTGACCCTAA	rs375039031	NC_000024.9	10003	9989
NNNNNNNNNNNNCAAACCCTA	rs1226858834	NC_000024.9	10002	9988
NNNNNNNNNNNNCTAACCCGA	rs1179917603	NC_000024.9	10008	9988
NNNNNNNNNNNNCTAACCCTG	rs565284081	NC_000024.9	10009	9988
NNNNNNNNNNNNCTAACCGTA	rs1422184628	NC_000024.9	10007	9988
NNNNNNNNNNNNCTGACCCTA	rs375039031	NC_000024.9	10003	9988
NNNNNNNNNNNNNCAAACCCT	rs1226858834	NC_000024.9	10002	9987
NNNNNNNNNNNNNCTAACCCG	rs1179917603	NC_000024.9	10008	9987
NNNNNNNNNNNNNCTAACCGT	rs1422184628	NC_000024.9	10007	9987
NNNNNNNNNNNNNCTGACCCT	rs375039031	NC_000024.9	10003	9987
NNNNNNNNNNNNNNCAAACCC	rs1226858834	NC_000024.9	10002	9986
NNNNNNNNNNNNNNCTAACCG	rs1422184628	NC_000024.9	10007	9986
NNNNNNNNNNNNNNCTGACCC	rs375039031	NC_000024.9	10003	9986
NNNNNNNNNNNNNNNCAAACC	rs1226858834	NC_000024.9	10002	9985
NNNNNNNNNNNNNNNCTGACC	rs375039031	NC_000024.9	10003	9985
NNNNNNNNNNNNNNNNCAAAC	rs1226858834	NC_000024.9	10002	9984
NNNNNNNNNNNNNNNNCTGAC	rs375039031	NC_000024.9	10003	9984
NNNNNNNNNNNNNNNNNCAAA	rs1226858834	NC_000024.9	10002	9983
NNNNNNNNNNNNNNNNNCTGA	rs375039031	NC_000024.9	10003	9983
NNNNNNNNNNNNNNNNNNCAA	rs1226858834	NC_000024.9	10002	9982
NNNNNNNNNNNNNNNNNNCTG	rs375039031	NC_000024.9	10003	9982
NNNNNNNNNNNNNNNNNNNCA	rs1226858834	NC_000024.9	10002	9981
TAAACCCTAACCCTAACCCTA	rs2068137778	NC_000024.9	10014	10013
TAACAACCCTAACCCTAACCC	rs1232177317	NC_000024.9	10017	10013
TAACCCGAACCCTAACCCTAA	rs1179917603	NC_000024.9	10008	10001
TAACCCGAACCCTAACCCTAA	rs370048753	NC_000024.9	10014	10007
TAACCCTAAACCCTAACCCTA	rs2068137778	NC_000024.9	10014	10007
TAACCCTAACAACCCTAACCC	rs1232177317	NC_000024.9	10017	10007
TAACCCTAACCCGAACCCTAA	rs370048753	NC_000024.9	10014	10001
TAACCCTAACCCTAAACCCTA	rs2068137778	NC_000024.9	10014	10001
TAACCCTAACCCTAACAACCC	rs1232177317	NC_000024.9	10017	10001
TAACCCTAACCCTAGCCCTAA	rs1423076556	NC_000024.9	10016	10001
TAACCCTAACCCTGACCCTAA	rs113469508	NC_000024.9	10015	10001
TAACCCTAGCCCTAACCCTAA	rs867361848	NC_000024.9	10010	10001
TAACCCTAGCCCTAACCCTAA	rs1423076556	NC_000024.9	10016	10007
TAACCCTGACCCTAACCCTAA	rs565284081	NC_000024.9	10009	10001
TAACCCTGACCCTAACCCTAA	rs113469508	NC_000024.9	10015	10007
TAACCGTAACCCTAACCCTAA	rs1422184628	NC_000024.9	10007	10001
TAGCCCTAACCCTAACCCTAA	rs867361848	NC_000024.9	10010	10007
TAGCCCTAACCCTAACCCTAA	rs1423076556	NC_000024.9	10016	10013
TGACCCTAACCCTAACCCTAA	rs375039031	NC_000024.9	10003	10001
TGACCCTAACCCTAACCCTAA	rs565284081	NC_000024.9	10009	10007
TGACCCTAACCCTAACCCTAA	rs113469508	NC_000024.9	10015	10013
